{"cameraMode":{"drawMode":0,"name":"Shaded","section":"Shading Mode"},"sceneLighting":true,"audioPlay":false,"sceneViewState":{"showFog":true,"showMaterialUpdate":false,"showSkybox":true,"showFlares":true,"showImageEffects":true,"showParticleSystems":true},"in2DMode":false,"pivot":{"x":-0.7511681318283081,"y":-7.662411689758301,"z":8.699856758117676},"rotation":{"x":-0.2825956642627716,"y":0.6519268155097961,"z":-0.2866939604282379,"w":-0.6426064372062683},"size":39.138572692871097,"orthographic":false}