{"cameraMode":{"drawMode":0,"name":"Shaded","section":"Shading Mode"},"sceneLighting":true,"audioPlay":false,"sceneViewState":{"showFog":true,"showMaterialUpdate":false,"showSkybox":true,"showFlares":true,"showImageEffects":true,"showParticleSystems":true},"in2DMode":false,"pivot":{"x":-5.796970367431641,"y":-0.6542511582374573,"z":9.393387794494629},"rotation":{"x":0.6239569187164307,"y":0.0021099073346704246,"z":-0.001684734714217484,"w":0.7814555168151856},"size":78.30410766601563,"orthographic":true}